logged_at_cst,category,ticker,book,direction,signal,confluence,signal_price,entry_ref,target_price,stop_price,stop_deadline_cst,target_deadline_cst,acc_tp_before_sl_pct,acc_strict_pct,bar_time_cst,repeats,hot,engines,eng_hot,tfs,econ,outcome,outcome_at
2026-08-06 10:56:26,stock,LLY,B,SHORT,orb_break_dn+cvd_dn_v,9,1178.95,1178.95,1174.23,1183.67,11:25,11:25,83.3,55.6,2026-08-06 10:50,1,,30m,,5m,,target,11:15
2026-08-06 10:45:45,stock,TSLA,B,LONG,above_vwap+ylow_reclaim,1,320.48,320.48,321.76,319.2,11:45,11:45,100.0,75.0,2026-08-06 10:30,1,,30m+1h,2,15m,,stop,11:00
2026-08-06 09:45:59,crypto,BTC,B,LONG,poc_reject_up+delta_surge+strong_close,8,64741.6,64741.6,64903.46,64579.75,10:45,10:45,88.9,88.9,2026-08-06 09:40,1,,,,,,target,10:10
2026-08-06 09:20:02,stock,LLY,B,SHORT,orb_break_dn+cvd_dn_v,9,1181.83,1181.83,1177.11,1186.56,09:50,09:50,83.3,55.6,2026-08-06 09:15,1,,30m,,5m,,target,09:30
2026-08-05 12:01:11,india,NIFTY,B,SHORT,r1_reject+weak_close,1,280.1,280.1,279.4,280.8,15:30,15:30,100.0,60.0,2026-08-05 11:30,1,,2h+4h,2,30m,10Y -6bp to 4.627%,timeout,15:30
2026-08-05 11:42:04,india,NIFTY,B,SHORT,below_vwap+yhigh_reject,5,280.38,280.38,279.68,281.08,15:30,15:30,92.3,85.7,2026-08-05 11:30,3,1,30m+1h+2h+4h,4,5m,10Y -6bp to 4.627%,timeout,15:30
2026-08-05 11:30:31,etf,SPY,B,LONG,poc_reject_up+above_pivot,1,772.1,772.1,774.03,770.17,14:35,14:35,83.3,62.5,2026-08-05 11:00,1,,30m+1h+2h+4h,4,5m+15m+30m,10Y -6bp to 4.627%,stop,11:05
2026-08-05 10:45:32,etf,SPY,B,LONG,poc_reject_up+above_pivot,1,772.01,772.01,773.94,770.08,11:15,11:15,100.0,25.0,2026-08-05 10:30,1,,30m+1h+2h+4h,4,15m,10Y -6bp to 4.627%,stop,11:05
2026-08-05 10:45:22,india,NIFTY,B,SHORT,below_vwap+yhigh_reject,1,280.47,280.47,279.77,281.17,14:45,14:45,92.3,85.7,2026-08-05 10:40,1,,30m+1h+2h+4h,4,5m,10Y -6bp to 4.627%,timeout,14:45
2026-08-05 09:06:11,stock,AMZN,B,LONG,adi_up+ylow_reclaim+hist_turn_up,6,276.45,276.45,277.56,275.34,13:05,13:05,87.5,87.5,2026-08-05 09:00,1,,30m+1h+2h+4h,4,5m,10Y -6bp to 4.627%,target,09:30
2026-08-13 12:20:51,etf,GLD,B,SHORT,vwap_loss+below_vwap,1,400.48,400.48,399.48,401.49,14:20,14:20,85.7,54.5,2026-08-13 12:15,1,,30m+1h+2h,3,5m,,target,12:40
2026-08-13 12:55:41,stock,AAPL,B,LONG,adi_up+hist_turn_up+strong_close+orb_break_up,1,304.84,304.84,306.06,303.62,13:10,13:10,85.7,75.0,2026-08-13 09:05,1,,30m+1h+2h+4h,4,5m,,stop,10:25
2026-08-13 16:42:38,crypto,BTC,B,LONG,vwap_reclaim+adi_up+macd_x_up+strong_close,4,63440.16,63440.16,63598.76,63281.56,17:40,17:40,87.5,87.5,2026-08-13 16:35,1,,,,,,timeout,17:40
2026-08-14 08:52:49,etf,GLD,B,SHORT,vwap_loss+yhigh_reject,1,402.38,402.38,401.37,403.39,12:50,12:50,83.3,71.4,2026-08-14 08:45,1,,30m+1h+2h+4h,4,5m,,timeout,12:50
2026-08-14 09:05:22,stock,AMZN,B,LONG,delta_surge+ylow_reclaim,26,264.83,264.83,265.89,263.78,12:50,12:50,91.7,84.6,2026-08-14 08:45,2,,30m+1h+2h+4h,4,5m,,stop,09:30
2026-08-14 09:10:44,etf,GLD,B,SHORT,vwap_loss+macd_x_dn_pos,1,402.59,402.59,401.58,403.6,11:10,11:10,83.3,71.4,2026-08-14 09:05,1,,2h,,5m,,timeout,11:10
2026-08-14 10:20:52,etf,GLD,B,SHORT,vwap_loss+yhigh_reject,1,402.26,402.26,401.26,403.27,14:20,14:20,83.3,71.4,2026-08-14 10:15,1,,30m+1h+2h+4h,4,5m,,stop,11:00
2026-08-14 10:25:46,etf,SMH,B,SHORT,below_pivot+weak_close+orb_break_dn_v,3,582.55,582.55,581.09,584.01,14:25,14:25,85.7,85.7,2026-08-14 10:20,1,,30m+1h+2h+4h,4,5m,,stop,10:25
2026-08-14 11:15:58,etf,IWM,B,LONG,delta_surge+above_pivot+rsi_thrust_up,2,304.52,304.52,305.28,303.76,11:45,11:45,100.0,50.0,2026-08-14 11:10,1,,30m,,5m,,timeout,11:45
2026-08-14 11:30:56,etf,GLD,B,SHORT,vwap_loss+below_vwap,1,402.64,402.64,401.64,403.65,13:15,13:15,83.3,55.6,2026-08-14 11:00,2,,2h,,15m+30m,,target,12:40
2026-08-14 11:36:05,stock,NVDA,B,SHORT,adi_dn+below_pivot+rsi_thrust_dn,1,225.17,225.17,224.27,226.07,14:35,14:35,85.7,75.0,2026-08-14 11:30,1,,1h+2h+4h,3,5m,,stop,13:10
2026-08-14 13:45:41,etf,GLD,B,SHORT,hist_turn_dn+rvol_thrust_dn+cvd_dn+rsi_thrust_dn,2,401.45,401.45,400.45,402.45,14:35,14:35,87.5,87.5,2026-08-14 13:40,1,,30m+1h+2h+4h,4,5m,,timeout,14:35
2026-08-17 10:15:44,etf,IWM,B,SHORT,vwap_loss+below_pivot+hist_turn_dn,6,303.63,303.63,302.87,304.39,14:15,14:15,88.9,88.9,2026-08-17 10:00,1,,1h+2h+4h,3,15m,,timeout,14:15
2026-08-17 13:00:15,etf,GLD,B,SHORT,hist_turn_dn+rvol_thrust_dn+cvd_dn+rsi_thrust_dn,2,404.86,404.86,403.85,405.87,14:35,14:35,87.5,77.8,2026-08-17 12:55,1,,30m+1h+2h+4h,4,5m+30m,,target,13:30
2026-08-17 17:31:18,crypto,BTC,B,SHORT,below_vwap+adi_dn+macd_x_dn+hist_turn_dn,1,63223.49,63223.49,63065.43,63381.55,06:10,06:10,85.7,85.7,2026-08-17 05:05,1,,,,,,stop,05:30
2026-08-17 17:31:27,etf,QQQ,B,LONG,vwap_reclaim+above_pivot+macd_x_up,1,733.13,733.13,734.96,731.3,12:50,12:50,83.3,71.4,2026-08-17 08:45,1,,30m+1h+2h+4h,4,5m,,stop,12:10
2026-08-17 17:31:38,etf,SPX,B,LONG,vwap_reclaim+strong_close+vwap_lo_bounce+cvd_up,4,7780.61,7780.61,7800.06,7761.16,09:20,09:20,100.0,37.5,2026-08-17 08:45,1,,30m+1h+2h+4h,4,5m,,timeout,09:20
2026-08-17 17:31:45,stock,AMZN,B,LONG,adi_up+ylow_reclaim+hist_turn_up,6,263.01,263.01,264.06,261.95,09:20,09:20,88.9,61.5,2026-08-17 08:45,1,,30m,,5m,,stop,08:55
2026-08-17 17:31:31,stock,TSLA,B,SHORT,vwap_loss+delta_dump+below_pivot+cvd_dn,1,339.44,339.44,338.08,340.8,13:00,13:00,83.3,71.4,2026-08-17 08:55,1,,30m+1h+2h+4h,4,5m,,stop,09:45
2026-08-17 17:31:34,stock,LLY,B,LONG,poc_reject_up+hist_turn_up+cvd_up,1,1182.27,1182.27,1187.0,1177.54,10:05,10:05,83.3,62.5,2026-08-17 09:00,1,,1h,,5m,,target,09:20
2026-08-18 09:01:04,stock,TSLA,B,LONG,above_vwap+ylow_reclaim+strong_close,1,339.15,339.15,340.51,337.8,09:30,09:30,87.5,77.8,2026-08-18 08:45,1,,30m,,15m,,stop,09:00
2026-08-18 09:10:34,stock,TSLA,B,SHORT,vwap_loss+delta_dump+below_pivot+cvd_dn,1,336.5,336.5,335.15,337.85,10:10,10:10,83.3,71.4,2026-08-18 09:05,1,,30m+1h,2,5m,,stop,09:25
2026-08-18 09:30:09,etf,GLD,B,SHORT,vwap_loss+macd_x_dn_pos,1,403.06,403.06,402.05,404.07,11:30,11:30,83.3,71.4,2026-08-18 09:25,1,,2h,,5m,,target,09:35
2026-08-18 09:35:25,stock,AAPL,B,LONG,hist_turn_up+rvol_thrust_up,9,310.92,310.92,312.16,309.67,13:35,13:35,85.7,85.7,2026-08-18 09:30,1,,30m+1h+2h+4h,4,5m,,stop,10:45
2026-08-18 10:45:52,stock,TSLA,B,LONG,above_vwap+ylow_reclaim+strong_close,1,338.51,338.51,339.86,337.16,11:15,11:15,87.5,77.8,2026-08-18 10:30,1,,30m,,15m,,target,10:55
2026-08-18 10:45:55,etf,QQQ,B,LONG,vwap_reclaim+cvd_up,1,717.92,717.92,719.71,716.13,14:35,14:35,85.7,85.7,2026-08-18 10:40,1,,30m+1h+2h+4h,4,5m,,,
