date,created_on,hour,15minute,minus_min,minus_max,plus_min,plus_max,best_move,direction,price_current15,price_next15,is_matched,momentum
08/23/2026,08/23/2026 19:59:47,17,17:45,4666.7002,4669.0,4664.2998,4668.0,-4.7002,SHORT,4667.5,4663.1001,TRUE,NA
08/23/2026,08/23/2026 19:59:47,18,18:00,4663.0,4664.1001,4662.1001,4666.2998,+3.2998,LONG,4663.1001,4665.0,TRUE,FALSE
08/23/2026,08/23/2026 19:59:47,18,18:15,4664.7998,4666.0,4664.0,4665.2998,-2.0000,SHORT,4665.0,,NA,NA
08/23/2026,08/23/2026 19:59:47,18,18:45,4664.7998,4667.7998,4665.3999,4672.3999,+7.6001,LONG,4665.5,4681.6001,TRUE,NA
08/23/2026,08/23/2026 19:59:47,19,19:00,4680.7002,4682.0,4677.7998,4685.5,+4.7998,LONG,4681.6001,4694.8999,TRUE,TRUE
08/23/2026,08/23/2026 19:59:47,19,19:15,4694.7002,4698.6001,4686.2002,4698.1001,-12.3999,SHORT,4694.8999,4661.6001,TRUE,FALSE
08/23/2026,08/23/2026 19:59:47,19,19:30,4658.6001,4663.2998,4659.5,4666.0,+7.3999,LONG,4661.6001,4664.1001,TRUE,FALSE
08/23/2026,08/23/2026 19:59:47,19,19:45,4661.7002,4664.3999,4660.8999,4672.3999,+10.6997,LONG,4664.1001,4678.7998,TRUE,TRUE
08/23/2026,08/23/2026 20:17:02,20,20:00,4672.7998,4680.2998,4675.7002,4692.0,+19.2002,LONG,4678.7998,4679.1001,TRUE,TRUE
08/23/2026,08/23/2026 20:32:02,20,20:15,4678.7002,4684.5,4673.6001,4682.6001,-10.8999,SHORT,4679.1001,4671.3999,TRUE,FALSE
08/23/2026,08/23/2026 20:47:02,20,20:30,4669.0,4674.8999,4664.6001,4671.5,-10.2998,SHORT,4671.3999,4674.6001,FALSE,FALSE
08/23/2026,08/23/2026 21:02:01,20,20:45,4670.2002,4675.0,4671.5,4675.3999,+5.1997,LONG,4674.6001,4688.7998,TRUE,FALSE
08/23/2026,08/23/2026 21:17:02,21,21:00,4688.7998,4694.2998,4684.3999,4695.2998,-9.8999,SHORT,4688.7998,4707.5,FALSE,TRUE
08/23/2026,08/23/2026 21:32:01,21,21:15,4704.8999,4708.3999,4706.2002,4712.2998,+7.3999,LONG,4707.5,4711.6001,TRUE,FALSE
08/23/2026,08/23/2026 21:47:01,21,21:30,4707.1001,4712.3999,4706.5,4713.7998,+6.6997,LONG,4711.6001,4694.8999,FALSE,FALSE
08/23/2026,08/23/2026 22:02:02,21,21:45,4694.6001,4698.3999,4684.2998,4695.0,-14.1001,SHORT,4694.8999,4700.3999,FALSE,TRUE
08/23/2026,08/23/2026 22:17:04,22,22:00,4696.7998,4700.3999,4694.7002,4700.7002,-5.6997,SHORT,4700.3999,4694.1001,TRUE,TRUE
08/23/2026,08/23/2026 22:32:03,22,22:15,4691.3999,4695.7998,4693.7998,4698.0,+6.6001,LONG,4694.1001,4700.5,TRUE,FALSE
08/23/2026,08/23/2026 22:47:04,22,22:30,4699.2002,4702.7998,4700.6001,4704.7002,+5.5000,LONG,4700.5,4700.0,FALSE,FALSE
08/23/2026,08/23/2026 23:02:04,22,22:45,4699.6001,4703.1001,4699.1001,4701.8999,-4.0000,SHORT,4700.0,,NA,NA
08/23/2026,08/23/2026 23:32:03,23,23:15,4693.3999,4695.0,4690.7998,4697.1001,-4.2002,SHORT,4694.7002,4696.6001,FALSE,NA
08/23/2026,08/23/2026 23:47:03,23,23:30,4695.3999,4697.2002,4689.1001,4697.0,-8.1001,SHORT,4696.6001,4694.3999,TRUE,TRUE
08/23/2026,08/24/2026 00:02:03,23,23:45,4692.8999,4694.6001,4692.0,4695.2998,-2.6001,SHORT,4694.3999,4695.2002,FALSE,FALSE
08/24/2026,08/24/2026 00:17:03,0,00:00,4693.3999,4696.0,4694.8999,4698.0,+4.6001,LONG,4695.2002,4699.1001,TRUE,FALSE
08/24/2026,08/24/2026 00:32:03,0,00:15,4696.6001,4699.3999,4697.5,4702.5,+5.8999,LONG,4699.1001,4692.2998,FALSE,FALSE
08/24/2026,08/24/2026 00:47:03,0,00:30,4692.2002,4697.5,4685.5,4695.6001,-12.0000,SHORT,4692.2998,4689.3999,TRUE,FALSE
08/24/2026,08/24/2026 01:02:03,0,00:45,4687.5,4691.6001,4686.2998,4694.5,+7.0000,LONG,4689.3999,,NA,NA
08/24/2026,08/24/2026 01:32:03,1,01:15,4704.2002,4708.7998,4708.5,4716.7002,+12.5000,LONG,4708.2002,4698.7002,FALSE,NA
08/24/2026,08/24/2026 01:47:04,1,01:30,4697.3999,4700.5,4698.6001,4708.8999,+11.5000,LONG,4698.7002,4699.5,TRUE,TRUE
08/24/2026,08/24/2026 02:02:03,1,01:45,4698.3999,4703.1001,4699.0,4706.2998,+7.8999,LONG,4699.5,4706.7002,TRUE,TRUE
08/24/2026,08/24/2026 02:17:04,2,02:00,4705.5,4707.1001,4703.7998,4711.0,+5.5000,LONG,4706.7002,4704.3999,FALSE,FALSE
08/24/2026,08/24/2026 02:32:02,2,02:15,4702.3999,4705.0,4698.6001,4706.2002,-6.3999,SHORT,4704.3999,4699.0,TRUE,FALSE
08/24/2026,08/24/2026 02:47:03,2,02:30,4698.0,4702.1001,4697.2002,4702.6001,-4.8999,SHORT,4699.0,4690.7002,TRUE,TRUE
08/24/2026,08/24/2026 03:02:02,2,02:45,4690.5,4695.2002,4686.2002,4691.3999,-9.0000,SHORT,4690.7002,4697.3999,FALSE,FALSE
08/24/2026,08/24/2026 03:17:03,3,03:00,4696.6001,4699.7002,4692.2002,4699.6001,-7.5000,SHORT,4697.3999,,NA,NA
08/24/2026,08/24/2026 03:47:02,3,03:30,4684.7998,4689.0,4684.2002,4690.1001,+5.3003,LONG,4684.7998,4700.8999,TRUE,NA
08/24/2026,08/24/2026 04:02:03,3,03:45,4697.7998,4701.7998,4697.8999,4702.0,+4.2002,LONG,4700.8999,4693.5,FALSE,FALSE
08/24/2026,08/24/2026 04:17:03,4,04:00,4692.2002,4694.2998,4692.8999,4698.7002,+6.5000,LONG,4693.5,4697.2998,TRUE,TRUE
08/24/2026,08/24/2026 04:32:03,4,04:15,4695.7998,4698.7998,4690.2998,4697.2002,-8.5000,SHORT,4697.2998,4691.3999,TRUE,FALSE
08/24/2026,08/24/2026 04:47:02,4,04:30,4691.1001,4694.2002,4690.0,4696.6001,+5.5000,LONG,4691.3999,4695.2998,TRUE,FALSE
08/24/2026,08/24/2026 05:02:03,4,04:45,4693.8999,4695.8999,4695.2002,4701.3999,+7.5000,LONG,4695.2998,4702.3999,TRUE,TRUE
08/24/2026,08/24/2026 05:17:03,5,05:00,4701.2998,4702.7002,4702.3999,4706.6001,+5.3003,LONG,4702.3999,4704.8999,TRUE,TRUE
08/24/2026,08/24/2026 05:32:02,5,05:15,4704.8999,4706.7002,4703.2002,4705.6001,-3.5000,SHORT,4704.8999,4700.7002,TRUE,FALSE
08/24/2026,08/24/2026 05:47:03,5,05:30,4700.0,4700.8999,4699.8999,4702.7998,+2.7998,LONG,4700.7002,4701.3999,TRUE,FALSE
08/24/2026,08/24/2026 06:02:03,5,05:45,4701.1001,4702.7002,4698.6001,4702.5,-4.1001,SHORT,4701.3999,4700.2998,TRUE,FALSE
08/24/2026,08/24/2026 06:17:03,6,06:00,4699.8999,4702.2002,4697.0,4703.8999,-5.2002,SHORT,4700.2998,4699.2002,TRUE,TRUE
08/24/2026,08/24/2026 06:32:02,6,06:15,4698.0,4701.8999,4698.7002,4702.6001,+4.6001,LONG,4699.2002,4703.7002,TRUE,FALSE
08/24/2026,08/24/2026 06:47:03,6,06:30,4700.1001,4705.3999,4700.8999,4709.6001,+9.5000,LONG,4703.7002,4716.7002,TRUE,TRUE
08/24/2026,08/24/2026 07:02:02,6,06:45,4711.6001,4719.8999,4705.6001,4719.2002,-14.2998,SHORT,4716.7002,4714.8999,TRUE,FALSE
08/24/2026,08/24/2026 07:17:03,7,07:00,4713.2998,4715.0,4707.5,4716.2002,-7.5000,SHORT,4714.8999,4715.5,FALSE,FALSE
08/24/2026,08/24/2026 07:32:02,7,07:15,4714.8999,4717.5,4709.3999,4714.7002,-8.1001,SHORT,4715.5,4719.3999,FALSE,FALSE
08/24/2026,08/24/2026 07:47:02,7,07:30,4717.7002,4720.5,4702.0,4719.3999,-18.5000,SHORT,4719.3999,4715.0,TRUE,TRUE
08/24/2026,08/24/2026 08:02:02,7,07:45,4712.7998,4717.2998,4711.8999,4719.7002,+6.9004,LONG,4715.0,4720.7002,TRUE,FALSE
08/24/2026,08/24/2026 08:17:02,8,08:00,4719.5,4721.5,4719.2998,4729.1001,+9.6001,LONG,4720.7002,4734.8999,TRUE,TRUE
08/24/2026,08/24/2026 08:32:02,8,08:15,4731.0,4735.2002,4729.0,4735.8999,-6.2002,SHORT,4734.8999,4730.1001,TRUE,FALSE
08/24/2026,08/24/2026 08:47:02,8,08:30,4728.8999,4732.1001,4727.6001,4737.7998,+8.8999,LONG,4730.1001,4716.3999,FALSE,TRUE
08/24/2026,08/24/2026 09:02:02,8,08:45,4715.6001,4727.2002,4713.2998,4735.6001,+20.0000,LONG,4716.3999,4721.7998,TRUE,TRUE
08/24/2026,08/24/2026 09:17:06,9,09:00,4716.1001,4722.2998,4717.0,4725.1001,+9.0000,LONG,4721.7998,4722.2002,TRUE,TRUE
08/24/2026,08/24/2026 09:32:02,9,09:15,4718.2998,4724.7002,4712.0,4722.7998,-12.7002,SHORT,4722.2002,4729.0,FALSE,TRUE
08/24/2026,08/24/2026 09:47:02,9,09:30,4728.7002,4732.2002,4727.7998,4734.7002,+6.0000,LONG,4729.0,4729.2002,TRUE,FALSE
08/24/2026,08/24/2026 10:02:02,9,09:45,4727.5,4729.6001,4721.7002,4730.7002,-7.8999,SHORT,4729.2002,4727.6001,TRUE,FALSE
08/24/2026,08/24/2026 10:17:02,10,10:00,4727.1001,4731.0,4722.6001,4734.0,-8.3999,SHORT,4727.6001,4730.2998,FALSE,FALSE
08/24/2026,08/24/2026 10:32:01,10,10:15,4729.7002,4732.2998,4726.7002,4731.1001,-5.5996,SHORT,4730.2998,4732.7002,FALSE,FALSE
08/24/2026,08/24/2026 10:47:02,10,10:30,4730.0,4737.0,4727.1001,4735.2002,-9.8999,SHORT,4732.7002,4718.0,TRUE,TRUE
08/24/2026,08/24/2026 11:02:02,10,10:45,4716.7998,4721.2998,4701.7998,4720.2998,-19.5000,SHORT,4718.0,4706.0,TRUE,TRUE
08/24/2026,08/24/2026 11:17:02,11,11:00,4696.5,4706.2998,4703.1001,4718.8999,+22.3999,LONG,4706.0,4714.7998,TRUE,FALSE
08/24/2026,08/24/2026 11:32:02,11,11:15,4713.3999,4715.2998,4713.3999,4717.7002,+4.3003,LONG,4714.7998,4716.2002,TRUE,TRUE
08/24/2026,08/24/2026 11:47:01,11,11:30,4714.8999,4716.6001,4716.0,4718.7998,+3.8999,LONG,4716.2002,4717.1001,TRUE,TRUE
08/24/2026,08/24/2026 12:02:01,11,11:45,4715.8999,4718.6001,4712.7002,4717.7002,-5.8999,SHORT,4717.1001,4701.8999,TRUE,FALSE
08/24/2026,08/24/2026 12:17:01,12,12:00,4699.0,4703.5,4698.7998,4704.8999,+5.8999,LONG,4701.8999,4709.0,TRUE,FALSE
08/24/2026,08/24/2026 12:32:04,12,12:15,4707.2002,4711.3999,4704.8999,4711.2002,-6.5000,SHORT,4709.0,4695.2998,TRUE,FALSE
08/24/2026,08/24/2026 12:47:01,12,12:30,4694.3999,4701.8999,4692.1001,4697.7998,-9.7998,SHORT,4695.2998,4695.5,FALSE,FALSE
08/24/2026,08/24/2026 13:02:01,12,12:45,4695.1001,4698.3999,4690.2998,4695.7998,-8.1001,SHORT,4695.5,4693.2998,TRUE,TRUE
08/24/2026,08/24/2026 13:17:01,13,13:00,4692.3999,4694.1001,4691.6001,4697.5,+5.1001,LONG,4693.2998,4688.5,FALSE,TRUE
08/24/2026,08/24/2026 13:32:02,13,13:15,4686.6001,4690.1001,4684.1001,4691.1001,-6.0000,SHORT,4688.5,4697.2998,FALSE,TRUE
08/24/2026,08/24/2026 14:51:15,13,13:30,4694.7002,4698.7998,4688.2002,4698.7002,-10.5996,SHORT,4697.2998,4691.1001,TRUE,TRUE
08/24/2026,08/24/2026 14:51:15,13,13:45,4690.2998,4692.1001,4687.7998,4691.7002,-4.3003,SHORT,4691.1001,4693.0,FALSE,FALSE
08/24/2026,08/24/2026 14:51:15,14,14:00,4692.7002,4694.0,4692.5,4697.0,+4.2998,LONG,4693.0,4692.5,FALSE,TRUE
08/24/2026,08/24/2026 14:51:15,14,14:15,4692.2002,4693.1001,4692.2002,4699.0,+6.7998,LONG,4692.5,4697.7002,TRUE,TRUE
08/24/2026,08/24/2026 14:51:15,14,14:30,4697.0,4698.2002,4696.2002,4698.3999,-2.0000,SHORT,4697.7002,4706.0,FALSE,TRUE
08/24/2026,08/24/2026 15:02:02,14,14:45,4703.3999,4706.7002,4705.7002,4711.2002,+7.8003,LONG,4706.0,4707.5,TRUE,FALSE
08/24/2026,08/24/2026 15:17:01,15,15:00,4707.0,4708.2998,4706.6001,4711.1001,+4.1001,LONG,4707.5,4707.2002,FALSE,FALSE
08/24/2026,08/24/2026 15:32:06,15,15:15,4707.1001,4707.7002,4706.8999,4710.0,+2.8999,LONG,4707.2002,4705.2998,FALSE,FALSE
08/24/2026,08/24/2026 15:47:02,15,15:30,4705.0,4705.6001,4704.6001,4706.2002,+1.2002,LONG,4705.2998,,NA,NA
08/24/2026,08/24/2026 17:32:01,17,17:15,4714.7998,4716.3999,4714.7998,4716.3999,+1.6001,LONG,4715.6001,4714.2002,FALSE,NA
08/24/2026,08/24/2026 17:47:01,17,17:30,4713.5,4714.3999,4714.0,4716.0,+2.5000,LONG,4714.2002,4718.0,TRUE,TRUE
08/24/2026,08/24/2026 18:02:01,17,17:45,4717.7002,4718.1001,4717.7998,4719.5,+1.7998,LONG,4718.0,4724.5,TRUE,TRUE
08/24/2026,08/24/2026 18:17:01,18,18:00,4723.5,4725.6001,4724.6001,4726.6001,+3.1001,LONG,4724.5,4729.2002,TRUE,TRUE
08/24/2026,08/24/2026 18:32:01,18,18:15,4727.2998,4729.2002,4729.2002,4733.7002,+6.4004,LONG,4729.2002,4726.0,FALSE,FALSE
08/24/2026,08/24/2026 19:02:01,18,18:45,4733.0,4734.1001,4732.0,4734.6001,-2.1001,SHORT,4734.0,4737.2002,FALSE,NA
08/24/2026,08/24/2026 19:17:01,19,19:00,4735.3999,4738.5,4734.2998,4746.3999,+11.0000,LONG,4737.2002,4747.7998,TRUE,FALSE
08/24/2026,08/24/2026 19:32:01,19,19:15,4739.7002,4749.0,4738.1001,4748.8999,-10.8999,SHORT,4747.7998,4739.7998,TRUE,FALSE
08/24/2026,08/24/2026 19:47:01,19,19:30,4735.0,4741.1001,4739.1001,4750.6001,+15.6001,LONG,4739.7998,4751.2998,TRUE,FALSE
08/24/2026,08/24/2026 20:02:01,19,19:45,4750.1001,4753.7002,4745.3999,4752.3999,-8.3003,SHORT,4751.2998,4741.0,TRUE,FALSE
08/24/2026,08/24/2026 20:17:01,20,20:00,4740.7002,4746.3999,4727.6001,4743.2998,-18.7998,SHORT,4741.0,4735.0,TRUE,TRUE
08/24/2026,08/24/2026 20:32:01,20,20:15,4733.3999,4736.6001,4730.0,4737.1001,-6.6001,SHORT,4735.0,4726.0,TRUE,TRUE
08/24/2026,08/24/2026 20:47:01,20,20:30,4725.6001,4729.2998,4723.8999,4731.2998,+5.6997,LONG,4726.0,4726.7002,TRUE,FALSE
08/24/2026,08/24/2026 21:02:01,20,20:45,4725.7002,4729.8999,4721.6001,4732.5,-8.2998,SHORT,4726.7002,4714.5,TRUE,FALSE
08/24/2026,08/24/2026 21:17:01,21,21:00,4713.2002,4718.8999,4707.1001,4718.2998,-11.7998,SHORT,4714.5,4698.2002,TRUE,TRUE
08/24/2026,08/24/2026 21:32:01,21,21:15,4694.2002,4698.2998,4697.1001,4706.5,+12.2998,LONG,4698.2002,4712.7998,TRUE,FALSE
08/24/2026,08/24/2026 21:47:01,21,21:30,4711.1001,4713.0,4698.7998,4712.8999,-14.2002,SHORT,4712.7998,4687.7998,TRUE,FALSE
08/24/2026,08/24/2026 22:02:01,21,21:45,4686.7998,4703.5,4686.2002,4693.7002,-17.2998,SHORT,4687.7998,4685.5,TRUE,TRUE
08/24/2026,08/24/2026 22:17:01,22,22:00,4676.8999,4685.5,4678.1001,4687.2998,+10.3999,LONG,4685.5,4689.5,TRUE,FALSE
08/24/2026,08/24/2026 22:32:01,22,22:15,4687.6001,4692.5,4687.8999,4692.8999,+5.2998,LONG,4689.5,4693.8999,TRUE,TRUE
08/24/2026,08/24/2026 22:47:01,22,22:30,4691.5,4694.1001,4691.8999,4697.7002,+6.2002,LONG,4693.8999,4690.1001,FALSE,FALSE
08/24/2026,08/24/2026 23:02:01,22,22:45,4690.1001,4693.0,4687.5,4691.0,-5.5000,SHORT,4690.1001,,NA,NA
08/24/2026,08/24/2026 23:32:01,23,23:15,4692.3999,4693.5,4688.8999,4693.0,-4.6001,SHORT,4693.2002,4686.7002,TRUE,NA
08/24/2026,08/24/2026 23:47:02,23,23:30,4684.6001,4686.7002,4681.2998,4688.2998,-5.4004,SHORT,4686.7002,,NA,NA
08/26/2026,08/26/2026 03:07:20,1,01:15,4694.2002,4695.6001,4687.7998,4694.2002,-7.8003,SHORT,4694.2002,4683.6001,TRUE,NA
08/26/2026,08/26/2026 03:07:20,1,01:30,4681.2002,4683.7002,4682.6001,4687.7998,+6.5996,LONG,4683.6001,4690.2002,TRUE,FALSE
08/26/2026,08/26/2026 03:07:20,1,01:45,4689.0,4691.2002,4690.1001,4693.2998,+4.2998,LONG,4690.2002,4690.3999,TRUE,TRUE
08/26/2026,08/26/2026 03:07:20,2,02:00,4689.3999,4690.8999,4690.6001,4695.7002,+6.3003,LONG,4690.3999,4693.0,TRUE,TRUE
08/26/2026,08/26/2026 03:07:20,2,02:15,4691.5,4693.5,4690.1001,4694.2998,-3.3999,SHORT,4693.0,4687.7002,TRUE,FALSE
08/26/2026,08/26/2026 03:07:20,2,02:30,4686.8999,4689.7998,4687.3999,4693.0,+6.1001,LONG,4687.7002,4688.2998,TRUE,FALSE
08/26/2026,08/26/2026 03:07:20,2,02:45,4686.0,4688.2998,4686.8999,4691.2002,+5.2002,LONG,4688.2998,,NA,NA
